T,SU,EX,I0,I1,I2,I3,RE,ED
0,1.0,0.0,0.0,0.0,0.0,0.0,0.0,0.0
1,0.9999481529774369,1.8470225631281784E-6,0.0,0.0,0.0,0.0,0.0,0.0
2,0.999898155569788,0.0,1.8470225631281784E-6,0.0,0.0,0.0,0.0,0.0
3,0.9998475564008615,6.042611479729773E-7,1.4762665705783027E-6,3.153453156560305E-7,0.0,0.0,5.541067689384535E-8,0.0
4,0.9997970334278223,5.305952192429777E-7,1.7841942093839768E-6,5.232424835141404E-7,1.2613812626241213E-8,0.0,1.3123043504295278E-7,0.0
5,0.9997463806101838,6.629659670967116E-7,1.9566450787920735E-6,7.546070593755227E-7,3.181662846072179E-8,6.00627711219519E-10,2.3820020394899949E-7,0.0
6,0.9996956385926317,7.546985216742141E-7,2.2268503386093033E-6,9.830234259786694E-7,5.7645081830184615E-8,2.055566731968936E-9,3.7521921083936416E-7,6.00627711219519E-13
7,0.999644775709865,8.781008370152115E-7,2.5345493898748694E-6,1.2255941065920245E-6,8.907416697893813E-8,4.594876705252665E-9,5.455580662154793E-7,2.6561944431884548E-12
8,0.9995937774446444,1.0160264350480631E-6,2.9038858005810523E-6,1.4867388762819238E-6,1.2590330664084005E-7,8.376803952374502E-9,7.523096341870115E-7,7.25107114844112E-12
9,0.9995426207196105,1.1770361615960254E-6,3.3370102810246744E-6,1.7743808141894637E-6,1.6813617441587498E-7,1.3534219341685052E-8,9.99722912040239E-7,1.5627875100815623E-11
10,0.9994912805591654,1.363029409184032E-6,3.8442026715759905E-6,2.095700962816908E-6,2.160928641385268E-7,2.0186881579285792E-8,1.2929104853845652E-6,2.9162094442500675E-11
11,0.9994397275376005,1.5784575368559314E-6,4.43557871522172E-6,2.4586301134135633E-6,2.703368891637048E-7,2.845781530208673E-8,1.6380457519749994E-6,4.934897602178647E-11
12,0.9993879277157487,1.82783547490532E-6,5.123674963631925E-6,2.871715824524739E-6,3.3167184717003126E-7,3.8484575310889795E-8,2.0424548182417175E-6,7.78067913238732E-11
13,0.9993358417523734,2.1165669894952904E-6,5.923026415349666E-6,3.3444493833698965E-6,4.011332223074136E-7,5.0429225569213794E-8,2.5147729056819758E-6,1.1629136663476299E-10
14,0.9992834241045467,2.450855739158452E-6,6.850654200007694E-6,3.887474882074883E-6,4.799943881198982E-7,6.448692994783042E-8,3.065120541699405E-6,1.667205922039768E-10
15,0.9992306220369988,2.83789634282767E-6,7.926366425359724E-6,4.512852286390592E-6,5.697801516926623E-7,8.089396973402319E-8,3.705316245306686E-6,2.312075221518072E-10
16,0.9991773744933151,3.286012581810992E-6,9.173189702804211E-6,5.234335038918301E-6,6.72288966297595E-7,9.993560431705314E-8,4.449126144675231E-6,3.121014918858304E-10
17,0.9991236107839669,3.8048406234525503E-6,1.061785225402792E-5,6.0676824729728964E-6,7.896232071641599E-7,1.219542034972183E-7,5.312556664638103E-6,4.1203709620288356E-10
18,0.9990692490689846,4.4055344431968E-6,1.2291353266489012E-5,7.031010970127312E-6,9.242277989256056E-7,1.4735800819529654E-7,6.314196044007529E-6,5.339912997001019E-10
19,0.9990141946011658,5.101005365415366E-6,1.422962338326619E-5,8.145193162734442E-6,1.0789376011086204E-6,1.7663085440127446E-7,7.475611919219065E-6,6.813493078953984E-10
20,0.9989583376927236,5.90619871225523E-6,1.647429215247959E-5,9.434314014655605E-6,1.2570342744528897E-6,2.1034318106726915E-7,8.821813340173585E-6,8.579801622966729E-10
21,0.9989015513617844,6.838414054541548E-6,1.907357807412733E-5,1.0926194078636922E-5,1.462313605223703E-6,2.4916464499574065E-7,1.0381787022380098E-5,1.068323343363942E-9
22,0.9988436886085019,7.917675714430597E-6,2.2083320237203805E-5,1.2652991456869005E-5,1.6991645428406996E-6,2.938786799982352E-7,1.2189119241392691E-5,1.3174879883596828E-9
23,0.9987845792626261,9.167161445411819E-6,2.5568173377190808E-5,1.4651895620234825E-5,1.972661495348306E-6,3.4539936364667633E-7,1.4282716626352436E-5,1.6113666683579181E-9
24,0.9987240263352838,1.0613698379213719E-5,2.9602991727620177E-5,1.6965928127068674E-5,2.288671742021618E-6,4.047909921521772E-7,1.670764123530857E-5,1.9567660320045944E-9
25,0.9986618017972083,1.2288336758678804E-5,3.42744310356555E-5,1.9644867508628847E-5,2.653980169489347E-6,4.7329081238622215E-7,1.9516077745555644E-5,2.361557024156772E-9
26,0.9985976416935193,1.4227013599191075E-5,3.96828027352259E-5,2.2746318185459553E-5,3.0764339263807023E-6,5.523354202181177E-7,2.2768453418603505E-5,2.8348478365429937E-9
27,0.9985312404911362,1.6471320298496885E-5,4.5944219590248457E-5,2.6336946301606953E-5,3.5651100308028726E-6,6.435914069908003E-7,2.653473476174793E-5,3.3871832567611114E-9
28,0.9984622445387378,1.9069390373857876E-5,5.319307824904425E-5,3.049390887137562E-5,4.130509465025108E-6,7.489909222584503E-7,3.0895928575102845E-5,4.0307746637519116E-9
29,0.9983902445005215,2.207692598930199E-5,6.15849312085208E-5,3.530650669629303E-5,4.784781863662091E-6,8.707729223922175E-7,3.594581942325433E-5,4.779765586010362E-9
30,0.998314766603507,2.5558384789418707E-5,7.129980881133191E-5,4.0878096209047264E-5,5.541985557787373E-6,1.0115309932277056E-6,4.179298059493943E-5,5.650538508402579E-9
31,0.9982352625133458,2.9588351831044857E-5,8.254606124667107E-5,4.732830082952024E-5,6.41838849168168E-6,1.174268772881577E-6,4.856310141630669E-5,6.662069501630285E-9
32,0.998151097625063,3.425312515714877E-5,9.556480127137195E-5,5.4795568682331246E-5,7.432816397065886E-6,1.3624641609389952E-6,5.640168048268314E-5,7.836338274511862E-9
33,0.9980615375223308,3.9652547850964666E-5,1.1063504070990142E-4,6.344013074728301E-5,8.607055609532494E-6,1.5801436856187164E-6,6.547714210713327E-5,9.198802435450857E-9
34,0.9979657323211434,4.59021243113333E-5,1.2807962795007369E-4,7.344742183215875E-5,9.966319063747108E-6,1.8319686149974167E-6,7.598444220807032E-5,1.0778946121069573E-8
35,0.9978626985704515,5.3135464075827793E-5,1.4827210987045317E-4,8.503203632810813E-5,1.1539785330877046E-5,2.1233346462497665E-6,8.814924015183219E-5,1.2610914736066991E-8
36,0.9977512983326587,6.150710286426293E-5,1.7164466018448023E-4,9.844230170786012E-5,1.3361222089765423E-5,2.4604872931300513E-6,1.0223272493379217E-4,1.4734249382316758E-8
37,0.9976302150100406,7.119575770158743E-5,1.9869723735805358E-4,1.1396556535391486E-4,1.546970718223223E-5,2.8506554223247096E-6,1.1853719775586234E-4,1.7194736675446808E-8
38,0.9974979254182048,8.240808108530109E-5,2.3000815936557317E-4,1.31934304777693E-4,1.791046242602797E-5,3.30220577041953E-6,1.3741252880325743E-4,2.004539209777152E-8
39,0.9973526675336711,9.538298826270353E-5,2.662463099245653E-4,1.5273318785415774E-4,2.0735817684085684E-5,3.824821712563608E-6,1.5926362413793872E-4,2.334759786819105E-8
40,0.9971924032584544,1.103966418401152E-4,3.0818522182924024E-4,1.768072286148673E-4,2.400632535806031E-5,4.429710060031127E-6,1.8455905944698053E-4,2.717241958075466E-8
41,0.9970147754490902,1.2776818920123934E-4,3.567193179216811E-4,2.04671205701583E-4,2.7792048534780887E-5,5.129840246494319E-6,2.138410612887815E-4,3.1602129640785784E-8
42,0.9968170583497457,1.478663605721204E-4,4.1288262940351953E-4,2.3692053508511185E-4,3.217404951823047E-5,5.940220932909371E-6,2.4773704388939975E-4,3.67319698872801E-8
43,0.9965961004478385,1.7111704898959917E-4,4.7787035485390904E-4,2.7424381641282154E-4,3.7246109484049534E-5,6.878219830844841E-6,2.869729409208265E-4,4.2672190820189475E-8
44,0.9963482586350323,1.9801200778381904E-4,5.530636716374674E-4,3.1743730367545E-4,4.311671456007316E-5,7.963933427692516E-6,3.323886075527792E-4,4.9550410651034316E-8
45,0.9960693224058662,2.291188162342826E-4,6.400582643584485E-4,3.67421586074601E-4,4.99113488308398E-5,9.22061430989208E-6,3.849556089617378E-4,5.7514344078726834E-8
46,0.9957544266603431,2.650922794028651E-4,7.406970924056571E-4,4.2526080428047735E-4,5.77751406549284E-5,1.0675164939064694E-5,4.457977579937315E-4,6.673495838861892E-8
47,0.9953979514958494,3.0668744316070045E-4,8.571079798451428E-4,4.921847708724203E-4,6.687591534073507E-5,1.235870805934373E-5,5.162148174242294E-4,7.741012332768362E-8
48,0.9949934071791007,3.5477441917401947E-4,9.917466748564402E-4,5.696144117043302E-4,7.740771471583799E-5,1.4307245422217356E-5,5.977098418599076E-4,8.976883138702735E-8
49,0.9945333022830009,4.103552257408178E-4,0.0011474460907604962,6.591909970899944E-4,8.959485250726831E-5,1.6562418229048106E-5,6.920207013827421E-4,1.0407607680924471E-7
50,0.9940089927609337,4.7458285695306437E-4,0.0013274725036486583,7.62809687627236E-4,1.0369658377073759E-4,1.917238463303105E-5,8.011564040841825E-4,1.2063849503829282E-7
51,0.9934105095192751,5.487827920205852E-4,0.0015355895385278577,8.82657978323828E-4,1.2001247688851399E-4,2.2192831833611233E-5,9.274389180912429E-4,1.3981087967132387E-7
52,0.9927263618487391,6.344771450600487E-4,0.0017761308207415096,0.00102125968500959,1.388885878834425E-4,2.5688142758091517E-5,0.0010735512857554207,1.620037115049351E-7
53,0.9919433139023922,7.334116282544279E-4,0.0020540821937356404,0.0011815251765519197,1.6072454890013327E-4,2.973274007533228E-5,0.0012425929232428847,1.876918542630266E-7
54,0.9910461312853177,8.475854513794528E-4,0.002375174396271914,0.001366808611740736,1.8598169553216137E-4,3.441263333792706E-5,0.001438143107227671,2.174245943383589E-7
55,0.9900172947792552,9.792841994983046E-4,0.002745987035911907,0.0015809729859483353,2.151923709597065E-4,3.982719840639077E-5,0.0016643337654412649,2.5183722767628594E-7
56,0.9888366783078153,0.0011311156067008309,0.0031740645694210657,0.0018284638228273575,2.489705581783771E-4,4.609122196294971E-5,0.001925932807167568,2.916644260826767E-7
57,0.9874811885115107,0.0013060479623892333,0.003668044775967376,0.002114392350703417,2.880240042995258E-4,5.333724784524846E-5,0.002228439349704077,3.377556480456264E-7
58,0.9859243638229414,0.0015074506291436842,0.004237799847961207,0.00244462896872132,3.331680120390395E-4,6.17182660654527E-5,0.002578192311762111,3.9109289589087485E-7
59,0.9841359318103023,0.0017391357944477963,0.004894589678355605,0.002825907716410785,3.8534108173969757E-4,7.141078963216636E-5,0.0029824939466356996,4.528111619563276E-7
60,0.9820813249194041,0.0020054000943077067,0.005651226130050556,0.003265942288515452,4.4562259071812373E-4,8.261836851112164E-5,0.0034497499652475557,5.242219515884939E-7
61,0.9797211567514316,0.002311064101726606,0.006522245954838358,0.003773553853741676,5.152526928286359E-4,9.55755940213708E-5,0.003989627935996655,6.068403200996155E-7
62,0.9770106638643626,0.0026615068292313825,0.007524088490508387,0.004358810501629268,5.956546064438426E-4,1.1055265034275725E-4,0.004613235623131179,7.024159141209863E-7
63,0.9738991220195711,0.003062691311598361,0.00867527219103528,0.005033177505390407,6.884594289926576E-4,1.2786047215198248E-4,0.005333320809418193,8.129685644637435E-7
64,0.9703292510903972,0.00352117597307291,0.009996561304286803,0.005809676687251531,7.955335647982249E-4,1.4785656808065126E-4,0.006164493904521603,9.408290366157261E-7
65,0.9662366298167082,0.0040441048111345135,0.011511110459450436,0.0067030519298169906,9.190087725442224E-4,1.7095156784972828E-4,0.007123474219251088,1.0886856046963773E-6
66,0.9615491505512966,0.0046391674339207704,0.013244570414944045,0.007729936201500003,0.001061314719572379,1.9761654545073619E-4,0.008229360126476367,1.2596371725461056E-6
67,0.9561865553983645,0.0053145176954045754,0.015225132616791901,0.008909013252914596,0.0012252137603782553,2.2839116013596736E-4,0.00950392235636472,1.4572537179968419E-6
68,0.950060108901834,0.006078637168760611,0.01748348344789898,0.010261164283300293,0.001413837421641721,2.638926393457152E-4,0.01097191829567869,1.6856448781328092E-6
69,0.9430724787260569,0.006940127170331944,0.020052631134313038,0.011809586262547833,0.001630723758961724,3.0482560063831697E-4,0.012661423272283026,1.9495375174785247E-6
70,0.9351179142758905,0.007907410826230154,0.02296755942085483,0.013579864135551898,0.0018798543321794478,3.519926702303793E-4,0.014604172289063796,2.2543631181168416E-6
71,0.9260828330853612,0.008988325294815535,0.026264652831630465,0.015599973789403507,0.002165689006799773,4.063058003246194E-4,0.01683590240382617,2.606355788347221E-6
72,0.9158469444277774,0.010189584515929575,0.029980829521462613,0.017900186478921488,0.0024931961096408294,4.687981118326066E-4,0.01939668181980611,3.0126615886718407E-6
73,0.9042850562261222,0.011516095854433809,0.034152310940766886,0.020512838582853903,0.0028678746330707354,5.406359887367434E-4,0.022331206672482333,3.4814597005044475E-6
74,0.8912697208139081,0.012970121159402815,0.038812955111236995,0.023471923536995044,0.0032957641896398694,6.231310203077873E-4,0.025689040454394244,4.022095689241191E-6
75,0.8766748715988538,0.014550285729013585,0.04399208552514029,0.026812456333978153,0.0037834372812071823,7.17751223107027E-4,0.029524764105505998,4.645226709548978E-6
76,0.8603805787236891,0.016250459131584787,0.04971176481825376,0.030569556317367116,0.00433796720644704,8.261307726698062E-4,0.033897997283853884,5.362977932656005E-6
77,0.8422789986524845,0.018058561042268488,0.05598349652412567,0.034777192914101,0.004966863673715764,9.500772338831454E-4,0.038873243745853145,6.1891087053258115E-6
78,0.8222815013733912,0.01995538332916074,0.06280439472752697,0.03946654384927027,0.005677967058082808,0.0010915750024249298,0.044519506972760775,7.139185939208957E-6
79,0.8003268227707864,0.021913564527536074,0.07015294467601584,0.0446639292492185,0.006479291463606007,0.0012527833669314797,0.050909617457984786,8.230760941633886E-6
80,0.7763899072217961,0.023896899207851617,0.07798458884541508,0.05038831117218427,0.007378806635159318,0.0014360272920970376,0.05811921214721751,9.483544308565367E-6
81,0.7504908848773296,0.02586020284910539,0.08622750838990653,0.05664838960607617,0.00838414970866573,0.0016437787388315034,0.06622531153123268,1.0919571600662403E-5
82,0.7227033919732437,0.027749968359842038,0.09477911626220874,0.0634393847863315,0.00950226026383532,0.0018786261269093196,0.075304453182015,1.2563350339493908E-5
83,0.6931612309471864,0.029506025856458624,0.10350391079673424,0.07073967125369536,0.010738936632418424,0.002143229473781346,0.08543036429550796,1.4441976466403228E-5
84,0.6620622368950587,0.031064335990580387,0.11223341992497035,0.0785075166824985,0.012098318312018854,0.0024402588923835354,0.09667119150482087,1.6585205940184574E-5
85,0.6296682339537333,0.0323608998294806,0.12076894991597742,0.08667826774877292,0.013582308792743778,0.0027723145934358128,0.10908635375214815,1.902546483256811E-5
86,0.596300188598815,0.03333656194322066,0.12888769223793375,0.09516239927398965,0.015189964836014768,0.0031418274044400477,0.12272314083282104,2.179777942600392E-5
87,0.5623281253640088,0.03394224822537629,0.13635240766607648,0.10384487912357102,0.01691689132940378,0.003550940156270946,0.13761324072583406,2.4939606830443967E-5
88,0.5281560380419245,0.034143970915816134,0.14292440430384765,0.11258627540389389,0.018754693584304035,0.004001372116112295,0.15376943414852484,2.8490546986714915E-5
89,0.49420281024796753,0.03392681999205486,0.1483789155264768,0.12122592441142029,0.020690548904211965,0.004494270897340342,0.1711827336555364,3.249191910282721E-5
90,0.4608808949537227,0.033297205153732405,0.15252138247504618,0.12958728057151261,0.022706963525061723,0.005030058777928534,0.18982025535594182,3.698619000016755E-5
91,0.4285750079228764,0.03228284298609862,0.15520271012220224,0.1374852973238258,0.024781776828993254,0.0056082828133207025,0.20962408481921707,4.2016248778096084E-5
92,0.3976232107941202,0.03093036837836006,0.15633144812523442,0.14473537937789058,0.026888460216653653,0.006227480138662528,0.23051133169030952,4.7624531591416784E-5
93,0.36830243264201584,0.02930089699156467,0.1558811380140657,0.15116316131075763,0.028996733152858483,0.0068850709721126,0.2523754649037987,5.385201173007931E-5
94,0.3408197652216841,0.02746425229869965,0.1538917480335386,0.15661417155892132,0.031073486016940988,0.007577291651863284,0.2750888957620427,6.073708270219191E-5
95,0.31530993897686405,0.025492785256558986,0.15046504700745722,0.1609623884244472,0.03308396317072022,0.008299178312516961,0.2985066493794837,6.83143743540552E-5
96,0.291838470144835,0.023455703335080222,0.14575472648666565,0.16411680841215145,0.034993126299779964,0.009044608527577727,0.3224708575769146,7.661355266657215E-5
97,0.27040926651703884,0.021414611704288933,0.13995283472454445,0.16602540853705172,0.036767093841133226,0.009806403705461143,0.3468157358607214,8.565816119414988E-5
98,0.25097510819867336,0.0194206378550396,0.1332744749707114,0.16667623775825013,0.03837454183953981,0.010576489786650321,0.3713726830459831,9.546456489961102E-5
99,0.23344939067838238,0.017513168764881043,0.12594269992309354,0.16609574312563122,0.03978795667811248,0.011346108575244708,0.3959751638306076,1.0604105468626135E-4
100,0.2177177542935728,0.015719963915275664,0.1181751755082902,0.16434475127003445,0.0409846493507513,0.012106067588209693,0.42046309299333123,1.1738716326150606E-4
101,0.2036486078661728,0.01405826053968532,0.11017363468129199,0.16151273556925477,0.04194747013606252,0.012847013215973663,0.4446865204892494,1.2949323084971576E-4
102,0.19110196883670555,0.012536456599073958,0.10211655343007406,0.1577110853400236,0.04266519611608019,0.01355971059735514,0.4685085041611616,1.4234024406568942E-4
103,0.17993640390578716,0.011156009832476565,0.09415497991379412,0.15306606690487196,0.04313259640973927,0.014235313959346978,0.49180713810094034,1.5589995466304456E-4
104,0.17001412068172947,0.009913286403862406,0.08641109987577006,0.14771205801127668,0.043350206918289134,0.0148656130291227,0.5144767712318382,1.7013526862239153E-4
105,0.16120442500512572,0.008801194970569654,0.07897893867042302,0.14178548450263428,0.04332386528576426,0.01544324407896963,0.5364284984423503,1.8500088165151422E-4
106,0.1533858354872831,0.007810529296592369,0.07192655643958824,0.13541972571355723,0.043064066992143143,0.015961857723096474,0.5575900354534554,2.0044412573048384E-4
107,0.14644716061302696,0.006931005582481772,0.06529914526062425,0.12874110789602794,0.04258520581584856,0.01641623927406271,0.577905100983942,2.1640598345358032E-4
108,0.14028781887434882,0.006152019380647475,0.05912254192859535,0.12186598734727597,0.04190475801714244,0.01680238089692109,0.5973324294043,2.32822222727643E-4
109,0.13481763850441,0.005463165978995096,0.05340679252699063,0.11489884164305167,0.04104246153532828,0.01711750770147858,0.615844527901717,2.496246036245641E-4
110,0.12995632408984784,0.004854573532636934,0.04814952185971419,0.10793123668348625,0.040019531206607506,0.017360062141437937,0.6334262777848463,2.667421113260427E-4
111,0.12563273076758882,0.004317095506054519,0.043338959662949955,0.10104151362140792,0.03885794010371569,0.017529652604915437,0.650073462794779,2.8410217346748067E-4
112,0.12178404682648464,0.0038424023045658187,0.03895655180251476,0.09429503629101203,0.03757978674028956,0.01762697292569582,0.6657912902309248,3.016318260723961E-4
113,0.11835495357892847,0.0034230040452148383,0.03497913895257579,0.0877448498106997,0.03620675880473965,0.01765369981174303,0.6805929547044482,3.192587989980919E-4
114,0.11529680703176369,0.0030522287994858392,0.03138072071535895,0.08143261895105615,0.034759696655303755,0.01761237499565441,0.6944982801737256,3.3691249880983494E-4
115,0.11256686811847377,0.002724174072938332,0.028133843868810546,0.07538973632248178,0.03325825410916552,0.017506278385159016,0.7075324639411764,3.5452487380548933E-4
116,0.11012759577280935,0.002433644002258501,0.025210663428570566,0.06963851243444832,0.03172064999846124,0.017339297746474545,0.7197249365493219,3.7203115219064837E-4
117,0.107946008689633,0.0021760807033877044,0.022583727918216,0.06419338030338151,0.030163501341674837,0.017115799589253817,0.7311083438728577,3.893704499371229E-4
118,0.10599311616528087,0.0019474952239176427,0.02022653835899596,0.05906206548596936,0.028601727538879223,0.016840505019214518,0.7417176519290563,4.0648624952637673E-4
119,0.1042434150796932,0.0017444014297794052,0.01811392600499807,0.054246687745079306,0.027048514484380684,0.0165183734436027,0.751589370744415,4.2332675454559123E-4
120,0.10267444821887645,0.0015637546900627766,0.016222288141579083,0.04974477297381666,0.025515327659128454,0.01615449619727369,0.76076089073974,4.398451279891939E-4
121,0.10126641825337006,0.001402896243095443,0.014529715236393181,0.04555016370848364,0.024011963907681188,0.01575400142958182,0.7692699232650602,4.559996241864676E-4
122,0.10000185143800214,0.0012595034944552505,0.01301603693325653,0.041653823878436226,0.02254663254720936,0.015321970968027723,0.7771540358957233,4.717536256160494E-4
123,0.0988653052369656,0.0011315461084646324,0.011662809111597115,0.03804453874357212,0.02112605756233157,0.014863369357681237,0.7844502726917302,4.870755965840771E-4
124,0.09784311444032594,0.0010172475313778209,0.01045325963497774,0.034709514631208124,0.019755593806551418,0.014382984862839468,0.7911948496582814,5.019389659417584E-4
125,0.09692317081348384,9.150514711200935E-4,0.009372206512797833,0.03163488544734738,0.01843935128470866,0.013885381901644145,0.797422915993113,5.163219508045978E-4
126,0.09609473183911164,8.235928158315206E-4,0.008405958969275826,0.028806134303976917,0.017180322681095588,0.013374864155153276,0.8031683722603477,5.30207332706242E-4
127,0.09534825462794133,7.416724745783654E-4,0.007542209289567345,0.026208439227881877,0.015980510293534842,0.01285544743796945,0.8084637373103566,5.435821968613953E-4
128,0.09467525156501728,6.682356501926585E-4,0.006769921216508167,0.023826952004928938,0.014841049418005643,0.012330841325982988,0.8133400565096988,5.564376442993647E-4
129,0.09406816470817739,6.023530942616396E-4,0.006079219022509064,0.021647018931935404,0.01376232599517192,0.01180443849650539,0.8178268446100708,5.687684856253478E-4
130,0.09352025635984752,5.432049400944513E-4,0.005461280103228031,0.019654351724331852,0.01274408698068532,0.011279310736324953,0.8219520573388283,5.805729241218532E-4
131,0.09302551359077187,4.900667562576649E-4,0.004908232964064758,0.017835156159086277,0.011785542441640354,0.010758210604422757,0.8257420865145955,5.918522348581781E-4
132,0.09257856480691973,4.422975081725891E-4,0.004413061737535765,0.016176225290678914,0.0108854588213164,0.010243577789909922,0.8292217741660795,6.026104454626008E-4
133,0.0921746067219044,3.9932915677496933E-4,0.003969517828637151,0.014665003314928999,0.010042243164226918,0.00973754927512728,0.832414441752569,6.128540232525107E-4
134,0.09180934033091964,3.6065766064865515E-4,0.0035720388944442236,0.013289625406947721,0.009254018364961562,0.009241972492951157,0.8353419311471156,6.22591572527638E-4
135,0.09147891468273212,3.2583518117097114E-4,0.0032156750892080995,0.012038938149026493,0.008518689708666378,0.008758420751467627,0.8380246545474954,6.318335450205891E-4
136,0.09117987741783105,2.944633191669252E-4,0.002896022319545347,0.010902504506320264,0.007834003118970558,0.008288210284615195,0.8404816509272829,6.405919657720568E-4
137,0.09090913118731055,2.6618723664961535E-4,0.0026091621340815843,0.009870596710479755,0.0071975956305566375,0.007832418371335323,0.8427306470326708,6.48880176056672E-4
138,0.09066389519195665,2.4069053879451996E-4,0.002351607800889945,0.008934179876831396,0.00660703866717083,0.007391902046143462,0.8447881212738196,6.567125944280073E-4
139,0.09044167118744494,2.1769080975212525E-4,0.0021202560908716783,0.008084888708861088,0.006059874739380619,0.006967316999397567,0.8466693691567679,6.641044964741507E-4
140,0.09024021339224848,1.9693571163707433E-4,0.001912344275553708,0.007314999231964481,0.005553648186435774,0.00655913633496465,0.8483885691576847,6.710718134735483E-4
141,0.09005750181216982,1.7819956940905797E-4,0.0017254118557808549,0.006617397142632769,0.00508593057879052,0.006167668915945635,0.8499588481598845,6.776309498085129E-4
142,0.08989171856136535,1.6128037571385128E-4,0.0015572665575539022,0.005985544054626766,0.004654341376881997,0.005793077085411147,0.8513923457597643,6.837986187244585E-4
143,0.08974122681605907,1.459971593782076E-4,0.0014059541584221776,0.0054134426650979785,0.004256564411482852,0.005435393598765896,0.8527002769046245,6.895916958098696E-4
144,0.08960455208530944,1.3218766940881947E-4,0.0012697317391707626,0.004895601645861218,0.0038903607144697206,0.005094537647616082,0.8538929924568702,6.950270894086355E-4
145,0.0894803655244477,1.1970633325746879E-4,0.0011470439887411583,0.004427000883103949,0.003553578188656954,0.004770329892208474,0.8549800373886827,7.001216270562516E-4
146,0.08936746905219731,1.0842245397417937E-4,0.0010365022237708286,0.00400305753803496,0.0032441585633781887,0.004462506451070842,0.855970206401916,7.048919569484601E-4
147,0.08926478206290303,9.821861584166311E-5,9.368658167295465E-4,0.003619593277012403,0.0029601420402457657,0.0041707318228899485,0.8568715968423938,7.093544633995309E-4
148,0.08917132955149315,8.898927230672601E-5,8.470257576520836E-4,0.003272802918647906,0.0026996699920914485,0.0038946107374173223,0.8576916588383178,7.135251952224209E-4
149,0.08908623149140044,8.063949361514881E-5,7.659901034837694E-4,0.0029592246637826767,0.0024609860382950786,0.0036336989497990115,0.85843724264126,7.174198059598382E-4
150,0.08900869332521089,7.308385461497353E-5,6.928710958386396E-4,0.0026757120090088677,0.0022424357820952966,0.0033875130066759276,0.8591146431869949,7.210535049096372E-4
151,0.08893799744474215,6.624544580247115E-5,6.268737524352717E-4,0.0024194073928908086,0.00204246546040438,0.0031555390231657724,0.8597296419238392,7.244410179163132E-4
152,0.08887349555195455,6.005499291535923E-5,5.672857596391505E-4,0.0021877175839116296,0.0018596197243179009,0.00293724051785545,0.8602875459795593,7.27596556939479E-4
153,0.08881460180488908,5.445007228786368E-5,5.134685134854803E-4,0.001978290788443857,0.0016925387389997275,0.0027320653586095094,0.8607932247554684,7.305337974573344E-4
154,0.08876078666397753,4.937441082129672E-5,4.648491744078439E-4,0.0017889954340226527,0.001539954764923673,0.002539451875703929,0.8612511440490684,7.33265862815944E-4
155,0.088711571363811,4.477726083334277E-5,4.209136168053222E-4,0.0016179005664510642,0.0014006883584883412,0.0023588342008566514,0.8616653978153588,7.358053146916479E-4
156,0.08866652294397885,4.061284126395369E-5,3.812001687043283E-4,0.0014632577875780923,0.001273644308667836,0.002189646891441006,0.8620397376824687,7.381641488925046E-4
157,0.0886252497800668,3.683983776484208E-5,3.4529404927470585E-4,0.0013234846529496058,0.0011578074074630469,0.0020313288987946388,0.8623776003401856,7.403537957839456E-4
158,0.08858739756247024,3.342095510757159E-5,3.1282242300221066E-4,0.0011971494440957571,0.0010522381353018089,0.0018833269383005404,0.8626821329207754,7.423851246827402E-4
159,0.08855264567645926,3.0322516132841787E-5,2.834499990534848E-4,0.0010829572282885823,9.560683280172578E-4,0.0017450983170131074,0.8629562164906498,7.442684516210408E-4
160,0.08852070394202727,2.751410214816972E-5,2.568751129372978E-4,9.797371186056052E-4,8.684968794252051E-4,0.0016161132721975518,0.8632024877693143,7.460135499380539E-4
161,0.08849130967655268,2.4968230277493927E-5,2.3282623509829773E-4,8.864306485998713E-4,7.887855226391212E-4,0.0014958568713864268,0.8634233591889061,7.476296632102515E-4
162,0.08846422504728214,2.2660063786708286E-5,2.110588576963041E-4,8.02081178422428E-4,7.162547239274761E-4,0.0013838305215507836,0.8636210374037815,7.491255200816379E-4
163,0.08843923468416547,2.056715186431795E-5,1.9135271663324205E-4,7.258242525621693E-4,6.502797149640187E-4,0.0012795531318333853,0.8637975403552246,7.505093506031887E-4
164,0.08841614352669601,1.866919573524919E-5,1.735093109880092E-4,6.568788332140192E-4,5.902866825891189E-4,0.0011825619710775833,0.8639547129916035,7.517889037350221E-4
165,0.08839477488118372,1.694783833595667E-5,1.573496864932263E-4,5.945393374644484E-4,5.357491295433852E-4,0.0010924132581724437,0.8640942417393306,7.529714657060997E-4
166,0.08837496866735281,1.538647508684983E-5,1.4271245361359143E-4,5.381684108402204E-4,4.861844149194339E-4,0.0010086825200736234,0.8642176678148976,7.540638789642722E-4
167,0.0883565798353502,1.3970083569255459E-5,1.2945201423117647E-4,4.871903741834466E-4,4.4115047918217676E-4,9.309647492900081E-4,0.86432639946315,7.550725614843457E-4
168,0.08833947693620503,1.2685070153399469E-5,1.1743697396817383E-4,4.41085285203087E-4,4.00242755422478E-4,8.588743896780652E-4,0.8644217232018966,7.560035262336358E-4
169,0.0883235408305229,1.1519131835307712E-5,1.0654871983479108E-4,3.993835603423918E-4,3.6309126593511666E-4,7.920451765809591E-4,0.8645048141479845,7.568624006233138E-4
170,0.08830866352175377,1.0461131727604705E-5,9.668014522521268E-5,3.616611067442993E-4,3.293579011620201E-4,7.301298547024737E-4,0.8645767454951426,7.576544457998948E-4
171,0.08829474710176273,9.500986814957193E-6,8.773450633809786E-5,3.2753491805806055E-4,2.9873387643812333E-4,6.727997946258911E-4,0.8646384972092341,7.583845756545973E-4
172,0.08828170279767567,8.62956673198326E-6,7.962439590518809E-5,2.966590915876561E-4,2.709373607515815E-4,6.197445265796973E-4,0.8646909640020934,7.590573754492232E-4
173,0.08826945011008368,7.838602452093802E-6,7.227082170303237E-5,2.687212278223676E-4,2.457112708225264E-4,5.70671207916182E-4,0.8647349626408564,7.596771199758029E-4
174,0.08825791603368625,7.120603891917876E-6,6.56023787254687E-5,2.4343917670580263E-4,2.2282122316285546E-4,5.253040388035631E-4,0.8647712386456471,7.60247791183719E-4
175,0.08824703435234518,6.468785539399316E-6,5.9554505131762E-5,2.2055809809085077E-4,2.0205363635832947E-4,4.833836388328114E-4,0.8648004724246504,7.607730952225226E-4
176,0.08823674500132173,5.876999305829369E-6,5.4068813177639325E-5,1.998478066977008E-4,1.832139755743567E-4,4.446663956007927E-4,0.8648232848919902,7.612564788613555E-4
177,0.08822699349018735,5.339673884302799E-6,4.909248730171329E-5,1.8110037454644893E-4,1.661251311945704E-4,4.089237948443124E-4,0.8648402426104349,7.617011452569562E-4
178,0.08821773038054236,4.851759970492405E-6,4.457774239350144E-5,1.6412796628340935E-4,1.5062592352784503E-4,3.7594174035692927E-4,0.8648518624977718,7.621100690518006E-4
179,0.0882089108132561,4.408680767228758E-6,4.0481336025005626E-5,1.4876088507091522E-4,1.365697256402047E-4,3.4551987071322057E-4,0.8648586161327119,7.624860107921576E-4
180,0.08820049408046242,4.006287253026121E-6,3.676412909745887E-5,1.3484580877501243E-4,1.2382319656237378E-4,3.174708787444663E-4,0.8648609336934069,7.628315306628708E-4
181,0.0881924432380112,3.6408177471839366E-6,3.339068994872678E-5,1.2224419807534514E-4,1.1226511737399962E-4,2.9161983874633135E-4,0.8648592075590729,7.631490015416152E-4
182,0.0881847247544982,3.308861351096249E-6,3.032893749400776E-5,1.1083085984823796E-4,1.0178532295719049E-4,2.678035455439902E-4,0.8648537956028057,7.634406213803615E-4
183,0.08817730819337297,3.0073248875195837E-6,2.7549819440819036E-5,1.0049265074894938E-4,9.228372253276831E-5,2.458698687844027E-4,0.8648450242014359,7.637084249259055E-4
184,0.08817016592496599,2.7334029973133756E-6,2.502702203570592E-5,9.112730735350461E-5,8.366940243247976E-5,2.2567712516056442E-4,0.8648331909861988,7.639542947946899E-4
185,0.08816327286558269,2.4845510870456458E-6,2.2736708170730035E-5,8.264239052523205E-5,7.585980491110333E-5,2.0709347069033457E-4,0.8648185673560737,7.641799719198505E-4
186,0.08815660624108815,2.2584608512662098E-6,2.0657281007894992E-5,7.495433285645835E-5,6.87799771572621E-5,1.8999631466515147E-4,0.864801400773869,7.643870653905408E-4
187,0.08815014537265553,2.053038120559293E-6,1.876917057391789E-5,6.798757911156064E-5,6.23618850154531E-5,1.742717564442746E-4,0.8647819168634899,7.64577061705206E-4
188,0.08814387148257588,1.8663828110246072E-6,1.7054641040249274E-5,6.167381057295251E-5,5.654378628011243E-5,1.5981404589133298E-4,0.8647603213253057,7.647513334616503E-4
189,0.08813776751822887,1.6967707728922813E-6,1.549761663758482E-5,5.595124507522074E-5,5.1269658762173636E-5,1.4652506792557104E-4,0.8647368016851399,7.649111475075416E-4
190,0.08813181799249714,1.542637355811627E-6,1.4083524363469221E-5,5.076400531257017E-5,4.648867865706272E-5,1.3431385138440612E-4,0.8647115288911154,7.650576725754672E-4
191,0.08812600883907132,1.4025625261976798E-6,1.2799151828760075E-5,4.606154872842704E-5,4.21547450585859E-5,1.2309610216135265E-4,0.8646846587713978,7.651919864268516E-4
192,0.08812032728124129,1.2752573880786503E-6,1.1632518756160305E-5,4.17981529503819E-5,3.8226046764431496E-5,1.1279376038909039E-4,0.8646563333647943,7.65315082529013E-4
193,0.08811476171290389,1.1595519733456356E-6,1.0572760793917021E-5,3.793245132496556E-5,3.4664667805201246E-5,1.033345812769477E-4,0.8646266821351537,7.65427876289402E-4
194,0.08810930159063791,1.0543841803273103E-6,9.610024442044679E-6,3.442701364087085E-5,3.1436228399551966E-5,9.465173908124393E-5,0.8645958230795937,7.65531210870679E-4
195,0.08810393733580704,9.587897513434577E-7,8.735372008761558E-6,3.124796761149803E-5,2.850955829300314E-5,8.66834535820782E-5,0.8645638637397344,7.656258626097602E-4
196,0.08809866024574979,8.71893190463317E-7,7.940695622736535E-6,2.8364657122993936E-5,2.5856399677324708E-5,7.937263835792221E-5,0.8645309021243339,7.657125460633423E-4
197,0.08809346241320527,7.928995322251581E-7,7.2186394235627375E-6,2.5749333646729806E-5,2.345113711142006E-5,7.266657008676527E-5,0.8644970275510128,7.657919187017003E-4
198,0.08808833665320395,7.210868806674118E-7,6.5625291397898135E-6,2.337687756947883E-5,2.127055207366455E-5,6.651657805687752E-5,0.8644623214140917,7.65864585271787E-4
199,0.08808327643672552,6.557996457731448E-7,5.966308341909172E-6,2.122454651410615E-5,1.929359997025872E-5,6.087775303909742E-5,0.8644268578849733,7.659311018498438E-4
200,0.08807827583049227,5.964424114232436E-7,5.424480727830792E-6,1.927174801172554E-5,1.750120760489467E-5,5.57086746537715E-5,0.86439070455094,7.659919796028829E-4
201,0.08807332944232547,5.424743752649299E-7,4.932057861448001E-6,1.7499834146055075E-5,1.5876089282555258E-5,5.0971156357180753E-5,0.8643539229977422,7.660476882775367E-4
202,0.08806843237154677,4.934043065992372E-7,4.484511841597881E-6,1.5891916024878974E-5,1.4402579875243635E-5,4.663000717280035E-5,0.8643165693408824,7.660986594338939E-4
203,0.08806358016395466,4.487859735347592E-7,4.077732429749543E-6,1.4432696144595558E-5,1.306648332056846E-5,4.265280930057983E-5,0.8642786947100825,7.661452894410667E-4
204,0.08805876877095116,4.0821399530016774E-7,3.70798821067848E-6,1.3108316904065517E-5,1.1854935156085958E-5,3.900971075130291E-5,0.8642403456910288,7.661879422503672E-4
205,0.0880539945124328,3.713200798039048E-7,3.371891401737577E-6,1.1906223695417061E-5,1.0756277813817261E-5,3.567323217185491E-5,0.8642015647281414,7.662269519611185E-4
206,0.08804925404309685,3.3776961032033966E-7,3.066365963582939E-6,1.0815041153965088E-5,9.759947511098135E-6,3.261808704990401E-5,0.8641623904917805,7.662626251932903E-4
207,0.0880445443218461,3.0725854860734484E-7,2.788618698774313E-6,9.824461288631454E-6,8.856371676539441E-6,2.9821014512233735E-5,0.864122858213016,7.662952432803403E-4
208,0.08803986258400515,2.795106248564844E-7,2.5361130549203753E-6,8.925142339721105E-6,8.036875944017797E-6,2.7260623959008247E-5,0.8640829999888069,7.663250642948525E-4
209,0.08803520631608827,2.5427478767603326E-7,2.3065453763135743E-6,8.108617323975825E-6,7.293599833887504E-6,2.491725080597507E-5,0.8640428450601918,7.663523249188116E-4
210,0.08803057323288263,2.3132288983787063E-7,2.097823372597883E-6,7.367211328721526E-6,6.61942031958803E-6,2.277282263746784E-5,0.8640024200658679,7.663772421696175E-4
211,0.08802596125663317,2.104475878080082E-7,1.9080465952045203E-6,6.693966708753809E-6,6.007882550067292E-6,2.081073510460544E-5,0.8639617492733223,7.66400014992255E-4
212,0.0880213684981352,1.9146043515066825E-7,1.7354887323165965E-6,6.082575422368071E-6,5.453137064469273E-6,1.9015736934903932E-5,0.8639208547894958,7.664208257273596E-4
213,0.08801679323955852,1.7419015176858744E-7,1.5785815511998114E-6,5.527317817534497E-6,4.949882895833717E-6,1.7373823451300017E-5,0.8638797567527828,7.664398414642946E-4
214,0.0880122339188439,1.5848105263671173E-7,1.435900333056827E-6,5.023007246455244E-6,4.493316015583395E-6,1.5872138030059967E-5,0.8638384735080151,7.664572152877459E-4
215,0.08800768911552673,1.4419162121986522E-7,1.3061506603018879E-6,4.5649399473514554E-6,4.079082620758173E-6,1.4498880957995998E-5,0.8637970217659295,7.66473087425776E-4
216,0.0880031575378568,1.311932141528607E-7,1.1881564294660326E-6,4.148849686968916E-6,3.7032368116928503E-6,1.3243225179654832E-5,0.8637554167484932,7.66487586306734E-4
217,0.08799863801109489,1.1936888501787215E-7,1.080848974972419E-6,3.770866706555761E-6,3.3622022494974732E-6,1.2095238454539455E-5,0.8637136723213331,7.665008295319137E-4
218,0.08799412946687814,1.0861231619134136E-7,9.832571998921688E-7,3.427480558486904E-6,3.05273742062746E-6,1.1045811472865747E-5,0.863671801114413,7.665129247703683E-4
219,0.08798963093355604,9.882684876264702E-8,8.944986196173505E-7,3.115506460768132E-6,2.771904170343784E-6,1.008659150575805E-5,0.8636298146319952,7.665239705818411E-4
220,0.0879851415274079,8.99246014595156E-8,8.137712332714415E-7,2.832054832780629E-6,2.5170391982537354E-6,9.209921192093448E-6,0.8635877233528372,7.665340571733468E-4
221,0.08798066044466116,8.182567035998427E-8,7.403461457108605E-7,2.5745037082132943E-6,2.2857282376606982E-6,8.408782089374284E-6,0.8635455368214868,7.665432670945389E-4
222,0.08797618695423698,7.445740193603397E-8,6.735608702366891E-7,2.340473750526263E-6,2.075782666385823E-6,7.676742640020133E-6,0.8635032637314654,7.665516758766283E-4
223,0.0879717203911566,6.775373266736542E-8,6.128132487081389E-7,2.1278056228100697E-6,1.8852183202842115E-6,7.007910227315858E-6,0.8634609120010568,7.665593526192683E-4
224,0.08796726015054795,6.16545890920395E-8,5.575559316957974E-7,1.934539487835123E-6,1.7122363020733713E-6,6.396887016935139E-6,0.8634184888423586,7.665663605294956E-4
225,0.08796280568219769,5.6105342730031395E-8,5.072913666937781E-7,1.7588964356813905E-6,1.5552055975150064E-6,5.838729300492019E-6,0.8633760008241929,7.665727574165125E-4
226,0.08795835648559876,5.105631483174094E-8,4.6156724728015603E-7,1.5992616558288361E-6,1.4126473286191347E-6,5.328910076977824E-6,0.8633334539294211,7.66578596145813E-4
227,0.0879539121054481,4.6462326371214016E-8,4.1997238052370954E-7,1.4541691881825818E-6,1.2832204895337927E-6,4.863284626244456E-6,0.8632908536071598,7.6658392505589E-4
228,0.0879494721275537,4.2282289127826216E-8,3.821329339263838E-7,1.3222881033898488E-6,1.1657090252918799E-6,4.438058845929978E-6,0.8632482048203505,7.665887883405163E-4
229,0.08794503617511323,3.847883408459055E-8,3.4770902680508464E-7,1.2024099771466038E-6,1.0590101267440768E-6,4.049760139424629E-6,0.8632055120890947,7.665932263993621E-4
230,0.08794060390533076,3.5017973719810065E-8,3.163916342895326E-7,1.0934375361420694E-6,9.62123626936482E-7,3.695210657683963E-6,0.8631627795301324,7.665972761595016E-4
231,0.0879361750063404,3.18687950848801E-8,2.8789977507756573E-7,9.943743649852708E-7,8.741423950061148E-7,3.3715027119515255E-6,0.8631200108928048,7.666009713701592E-4
232,0.08793174919440924,2.9003180847711437E-8,2.6197795677492473E-7,9.04315574022527E-7,7.942436334692093E-7,3.0759761877985805E-6,0.8630772095918146,7.666043428728712E-4
233,0.08792732621139378,2.6395555741256592E-8,2.3839385507976712E-7,8.224393374989945E-7,7.216809936597028E-7,2.806197803365748E-6,0.8630343787370689,7.66607418849059E-4
234,0.08792290582242712,2.402265609248132E-8,2.1693620527696313E-7,7.479992201408028E-7,6.55777432123509E-7,2.5599420663439358E-6,0.8629915211608633,7.666102250468624E-4
235,0.08791848781381569,2.186332032109457E-8,1.9741288650531257E-7,6.803172180269134E-7,5.959187380654656E-7,2.33517379510249E-6,0.8629486394426442,7.666127849889287E-4
236,0.0879140719911265,1.989829849148325E-8,1.7964918107180417E-7,6.187774466625892E-7,5.415476685506378E-7,2.1300320795031252E-6,0.8629057359315646,7.666151201627239E-4
237,0.08790965817744777,1.811007917744864E-8,1.6348619272863012E-7,5.628204155323299E-7,4.921586341439401E-7,1.9428155663702993E-6,0.8628628127670296,7.666172501948034E-4
238,0.08790524621180684,1.648273205918903E-8,1.4877940931689277E-7,5.119378341651308E-7,4.472928830899523E-7,1.771968963362423E-6,0.8628198718974109,7.666191930103698E-4
239,0.08790083594773143,1.50017648170403E-8,1.3539739653027625E-7,4.6566789994831126E-7,4.065341370411969E-7,1.6160706631426472E-6,0.8627769150970932,7.666209649793332E-4
240,0.08789642725194102,1.365399301815022E-8,1.2322061077550742E-7,4.2359102263144855E-7,3.695046357859518E-7,1.4738213973204942E-6,0.8627339439820001,7.666225810499963E-4
241,0.08789202000315662,1.2427421811772228E-8,1.1214032021603749E-7,3.8532594471740067E-7,3.3586155244946386E-7,1.3440338366624525E-6,0.8626909600237366,7.666240548713936E-4
242,0.0878876140910181,1.1311138357350229E-8,1.0205762409176124E-7,3.50526220786532E-7,3.0529374428469305E-7,1.2256230605853425E-6,0.8626479645624696,7.666253989052303E-4
243,0.08788320941509953,1.0295214008053804E-8,9.288256132044818E-8,3.1887702228232794E-7,2.77518807466312E-7,1.1175978249838311E-6,0.8626049588186605,7.666266245282909E-4
244,0.08787880588401341,9.370615361839847E-9,8.453330021466569E-8,2.900922374370249E-7,2.522804072871026E-7,1.0190525630343022E-6,0.8625619439037504,7.666277421261159E-4
245,0.08787440341459583,8.5291233733052E-9,7.693540189926897E-8,2.63911838866638E-7,2.2934585785861555E-7,9.291600587911929E-7,0.862518920829893,7.666287611786789E-4
246,0.0878700019311653,7.763259793316812E-9,7.002115069620872E-8,2.4009949394469606E-7,2.085039278646955E-7,8.47164738177108E-7,0.8624758905188187,7.666296903387377E-4
247,0.08786560136484847,7.066220270353825E-9,6.372894536196948E-8,2.1844039539910837E-7,1.8956285113144043E-7,7.723765263912211E-7,0.862432853809908,7.666305375034759E-4
248,0.08786120165296672,6.431813508295542E-9,5.800274562429871E-8,1.9873929169039873E-7,1.7234852278229752E-7,7.041652248468078E-7,0.8623898114675448,7.666313098800022E-4
249,0.08785680273847814,5.854405930609844E-9,5.279156897435087E-8,1.8081869864325732E-7,1.56702863562172E-7,6.419553645219441E-7,0.862346764187813,7.666320140452271E-4
250,0.08785240456946987,5.328871351052839E-9,4.8049033132792237E-8,1.6451727553613925E-7,1.4248233655764278E-7,5.852214960897017E-7,0.8623037126045957,7.666326560005916E-4
251,0.0878480070986962,4.85054519655028E-9,4.3732940028165076E-8,1.4968835042277602E-7,1.2955660202794474E-7,5.334838804064847E-7,0.8622606572951305,7.666332412220876E-4
252,0.08784361028315839,4.415182869318201E-9,3.980489750686661E-8,1.3619858088059117E-7,1.1780729740805502E-7,4.863045458990669E-7,0.8622175987850681,7.666337747059681E-4
253,0.08783921408372236,4.0189218728789375E-9,3.6229975340050366E-8,1.2392673766823686E-7,1.0712693076437673E-7,4.432836821207404E-7,0.8621745375530803,7.66634261010514E-4
254,0.08783481846477081,3.6582473607879843E-9,3.2976392406865536E-8,1.1276259994054596E-7,9.741787708725152E-8,4.0405634126189676E-7,0.8621314740350556,7.666347042941961E-4
255,0.08783042339388679,3.3299607979234505E-9,3.001523221866563E-8,1.0260595172565145E-7,8.859146780380743E-8,3.6828942171634507E-7,0.8620884086279214,7.666351083505373E-4
256,0.08782602884156564,3.031151452390454E-9,2.7320184207817904E-8,9.336567032627145E-8,8.05671647993764E-8,3.356789099366352E-7,0.8620453416931239,7.66635476639959E-4
257,0.0878216347809531,2.759170461717948E-9,2.486730843995613E-8,8.495889817461114E-8,7.327181105487262E-8,3.0594735877350197E-7,0.862002273559798,7.66635812318869E-4
258,0.08781724118760681,2.5116072403119913E-9,2.263482162214142E-8,7.731029045649955E-8,6.663895074923227E-8,2.7884158229921465E-7,0.8619592045276537,7.666361182662278E-4
259,0.08781284803927941,2.286268016291587E-9,2.060290247342356E-8,7.035133153295522E-8,6.060821234762757E-8,2.5413054877413575E-7,0.8619161348696055,7.666363971078101E-4
260,0.08780845531572115,2.0811563050660064E-9,1.8753514700537687E-8,6.401971383331625E-8,5.5124748804337455E-8,2.316034549413417E-7,0.8618730648341655,7.666366512383588E-4
261,0.08780406299850022,1.8944551444925783E-9,1.7070245981568933E-8,5.82587734796706E-8,5.013872955990296E-8,2.110679662361074E-7,0.8618299946476243,7.666368828418138E-4
262,0.08779967107083936,1.724510932341844E-9,1.553816150585877E-8,5.3016977433272394E-8,4.5604879510965904E-8,1.923486087850407E-7,0.8617869245160368,7.6663709390978E-4
263,0.0877952795174671,1.5698187212384903E-9,1.414367075056116E-8,4.824745743507795E-8,4.1482060582914277E-8,1.7528530025258377E-7,0.8617438546270297,7.666372862583889E-4
264,0.08779088832448238,1.42900883937379E-9,1.287440629430896E-8,4.3907586449140893E-8,3.773289194459734E-8,1.5973200767874848E-7,0.8617007851514488,7.666374615436891E-4
265,0.08778649747923144,1.3008347172186154E-9,1.1719113577532438E-8,3.995859371358221E-8,3.432340527496449E-8,1.4555552144896888E-7,0.861657716244858,7.666376212756968E-4
266,0.08778210697019566,1.1841618113144861E-9,1.0667550618090275E-8,3.636521486301551E-8,3.12227318271765E-8,1.326343354519149E-7,0.8616146480489056,7.666377668312182E-4
267,0.08777771678688961,1.0779575260826122E-9,9.710396780944202E-9,3.3095373912111186E-8,2.8402818339840714E-8,1.2085762432056078E-7,0.8615715806925677,7.666378994655537E-4
268,0.08777332691976823,9.812820435575373E-10,8.839169782461673E-9,3.0119894185552434E-8,2.583816912052455E-8,1.1012430942178678E-7,0.8615285142932801,7.666380203231781E-4
269,0.08776893736014227,8.932799791043991E-10,8.046150184320197E-9,2.7412235547800258E-8,2.3505611876308835E-8,1.0034220596589707E-7,0.861485448957971,7.666381304474875E-4
270,0.08776454810010147,8.131727885913009E-10,7.32431269959642E-9,2.4948255529406793E-8,2.138408509230468E-8,9.14272442548176E-8,0.8614423847839988,7.666382307896935E-4
271,0.0877601591324446,7.402518592282269E-10,6.667263695073611E-9,2.270599216741606E-8,1.945444496398989E-8,8.330275868114775E-8,0.8613993218600083,7.666383222169377E-4
272,0.08775577045061576,6.738722224125695E-10,6.069184329656574E-9,2.066546657777087E-8,1.7699290074928966E-8,7.589883863406829E-8,0.8613562602667091,7.666384055196964E-4
273,0.0877513820486464,6.134468324943451E-10,5.524778819555152E-9,1.880850345950724E-8,1.610280217974005E-8,6.9151735966396E-8,0.8613132000775853,7.666384814185351E-4
274,0.0877469939211026,5.584413604420931E-10,5.029227367050987E-9,1.7118567895588085E-8,1.4650601604704845E-8,6.300332413354835E-8,0.8612701413595408,7.666385505702711E-4
275,0.08774260606303709,5.083694559992194E-10,4.5781433316191864E-9,1.5580616965068116E-8,1.3329615916670921E-8,5.740060453327087E-8,0.8612270841734883,7.666386135735952E-4
276,0.0877382184699455,4.6278843611190256E-10,4.167534260320213E-9,1.4180964817308197E-8,1.2127960636215077E-8,5.2295255957842596E-8,0.8611840285748839,7.666386709741997E-4
277,0.08773383113772665,4.212953612215681E-10,3.793766429055644E-9,1.2907159982451915E-8,1.1034830884640242E-8,4.764322342101945E-8,0.8611409746142157,7.666387232694557E-4
278,0.0877294440626463,3.8352346448178806E-10,3.453532577810676E-9,1.1747873804503512E-8,1.0040402957369049E-8,4.340434294287445E-8,0.8610979223374475,7.666387709126791E-4
279,0.08772505724130426,3.491389021126553E-10,3.143822551673394E-9,1.069279898515777E-8,9.135744909673045E-9,3.954199916940706E-8,0.8610548717864236,7.666388143170221E-4
280,0.0877206706706044,3.178377959736341E-10,2.861896585486731E-9,9.732557318984799E-9,8.312735325341326E-9,3.6022812972581955E-8,0.8610118229992366,7.666388538590212E-4
281,0.08771628434772734,2.8934354204450986E-10,2.6052609936907118E-9,8.858615784531979E-9,7.563989515664302E-9,3.281635642239876E-8,0.8609687760105633,7.666388898818342E-4
282,0.08771189827010559,2.6340436087685273E-10,2.3716460484651103E-9,8.063210232156891E-9,6.882792465728156E-9,2.989489274759643E-8,0.8609257308519698,7.666389226981906E-4
283,0.08770751243540102,2.397910682367616E-10,2.1589858488817715E-9,7.339275978661166E-9,6.263037908154306E-9,2.7233139107413212E-8,0.8608826875521896,7.666389525930833E-4
284,0.08770312684148421,2.1829504612299468E-10,1.9654000015990947E-9,6.680384681701589E-9,5.699172961683144E-9,2.4808050185065174E-8,0.8608396461373771,7.666389798262225E-4
285,0.08769874148641574,1.9872639613058055E-10,1.7891769498401247E-9,6.080686924097358E-9,5.186147823942778E-9,2.2598620785750802E-8,0.8607966066313381,7.666390046342726E-4
286,0.08769435636842916,1.8091225875472305E-10,1.6287588021369435E-9,5.534859990062286E-9,4.719370054859639E-9,2.058570577939246E-8,0.8607535690557396,7.666390272328934E-4
287,0.08768997148591545,1.6469528370783014E-10,1.482727525731007E-9,5.038060362550117E-9,4.294663029909951E-9,1.8751855872232116E-8,0.8607105334303016,7.666390478185992E-4
288,0.08768558683740893,1.499322376671224E-10,1.3497923817128326E-9,4.585880513747175E-9,3.908228181187992E-9,1.7081167822949785E-8,0.8606674997729704,7.66639066570455E-4
289,0.08768120242157433,1.3649273709355478E-10,1.2287784900751594E-9,4.174309599675981E-9,3.5566106794491543E-9,1.5559147839215708E-8,0.8606244681000779,7.666390836516229E-4
290,0.08767681823719516,1.242580948757042E-10,1.1186164229414321E-9,3.799697705246371E-9,3.23666824220844E-9,1.4172587000480573E-8,0.8605814384264855,7.666390992107707E-4
291,0.08767243428316301,1.1312027056480966E-10,1.0183327334071854E-9,3.4587233182335878E-9,2.9455427819422835E-9,1.290944765323234E-8,0.8605384107657158,7.666391133833578E-4
292,0.08766805055846794,1.0298091488837615E-10,9.270413357783089E-10,3.148363739872356E-9,2.6806346347288036E-9,1.1758759816709258E-8,0.8604953851300724,7.666391262928054E-4
293,0.08766366706218952,9.375050006791852E-11,8.43935660582405E-10,2.865868166301157E-9,2.4395791335183466E-9,1.0710526720895335E-8,0.8604523615307487,7.666391380515651E-4
294,0.08765928379348888,8.53475282290355E-11,7.682815146358554E-10,2.608733199215991E-9,2.2202253118786747E-9,9.7556386752135E-9,0.8604093399779272,7.666391487620919E-4
295,0.0876549007516014,7.76978108858846E-11,6.994105827318887E-10,2.3746805660196786E-9,2.0206165437123244E-9,8.885794536292773E-9,0.8603663204808704,7.666391585177306E-4
296,0.08765051793583001,7.073381311348853E-11,6.367145132303723E-10,2.1616368496823683E-9,1.8389729422832958E-9,8.093430107086597E-9,0.8603233030480022,7.666391674035251E-4
297,0.08764613534553915,6.439405659578101E-11,5.79639535029569E-10,1.967715046644217E-9,1.6736753580847476E-9,7.37165285797966E-9,0.8602802876869836,7.666391754969552E-4
298,0.0876417529801493,5.862257626003585E-11,5.276815581303901E-10,1.7911977875580994E-9,1.523250829781389E-9,6.71418241381583E-9,0.8602372744047809,7.666391828686081E-4
299,0.08763737083913187,5.3368425683978324E-11,4.803817143071794E-10,1.6305220706393004E-9,1.3863593558081835E-9,6.115296299445671E-9,0.8601942632077273,7.666391895827905E-4
300,0.08763298892200468,4.8585226894706566E-11,4.373222983143751E-10,1.4842653709973655E-9,1.2617818663262992E-9,5.569780480826837E-9,0.8601512541015799,7.666391956980868E-4
301,0.08762860722832781,4.4230760572411463E-11,3.9812307362061074E-10,1.351133001696774E-9,1.1484092862416804E-9,5.072884279279057E-9,0.8601082470915714,7.666392012678673E-4
302,0.0876242257576998,4.026659303029222E-11,3.624379099028362E-10,1.2299466135407934E-9,1.0452325899843726E-9,4.620279273531026E-9,0.8600652421824566,7.666392063407516E-4
303,0.08761984450975419,3.665773666821585E-11,3.2995172248190057E-10,1.119633730799225E-9,9.51333757821352E-10,4.208021838004346E-9,0.8600222393785554,7.666392109610309E-4
304,0.08761546348415634,3.337234089447273E-11,3.003776865641154E-10,1.0192182293988776E-9,8.658775517169202E-10,3.8325189966388384E-9,0.8599792386837917,7.666392151690528E-4
305,0.08761108268060074,3.038141078007811E-11,2.7345470159462056E-10,9.278116725500788E-10,7.881040362396968E-10,3.4904972997292086E-9,0.8599362401017286,7.666392190015718E-4
306,0.08760670209880815,2.765855095587064E-11,2.489450832497297E-10,8.446054264701981E-10,7.173217768136677E-10,3.1789744569485678E-9,0.8598932436356012,7.666392224920691E-4
307,0.08760232173852348,2.5179732486350655E-11,2.2663246261669115E-10,7.688634858557876E-10,6.529016537859478E-10,2.8952334831929882E-9,0.8598502492883449,7.666392256710435E-4
308,0.08759794159951347,2.2923080657774706E-11,2.0631987394852066E-10,6.999159451119978E-10,5.942712363933255E-10,2.6367991352881304E-9,0.8598072570626234,7.666392285662771E-4
309,0.0875935616815648,2.0868681803290618E-11,1.8782801405516547E-10,6.371530571289924E-10,5.409096658054076E-10,2.401416437132246E-9,0.8597642669608524,7.666392312030762E-4
310,0.08758918198448232,1.899840745650747E-11,1.709936579151875E-10,5.80019826652547E-10,4.923430010515328E-10,2.187031108672455E-9,0.8597212789852218,7.666392336044926E-4
311,0.08758480250808734,1.7295754278346644E-11,1.556682164779878E-10,5.28011090077442E-10,4.481399858445088E-10,1.991771730371947E-9,0.8596782931377159,7.666392357915237E-4
312,0.08758042325221624,1.5745698341677862E-11,1.4171642388770422E-10,4.806670378408907E-10,4.079081981355522E-10,1.8139334896607147E-9,0.8596353094201321,7.666392377832955E-4
313,0.08757604421671907,1.4334562485349795E-11,1.2901514250753317E-10,4.3756913954838375E-10,3.712905477069385E-10,1.6519633693958644E-9,0.8595923278340971,7.666392395972289E-4
314,0.08757166540145833,1.3049895564907125E-11,1.1745227516759033E-10,3.9833643556167666E-10,3.379620902638452E-10,1.5044466507029233E-9,0.8595493483810825,7.666392412491923E-4
315,0.0875672868063079,1.1880362532573288E-11,1.0692577500983237E-10,3.626221620506793E-10,3.076271293538158E-10,1.3700946138306943E-9,0.8595063710624188,7.66639242753639E-4
316,0.08756290843115194,1.0815644374905095E-11,9.734274416848077E-11,3.3011067948721413E-10,2.8001658004759995E-10,1.2477333309236892E-9,0.8594633958793076,7.666392441237335E-4
317,0.08755853027588403,9.846347023743135E-12,8.861861331151766E-11,3.0051467726581796E-10,2.548855706828219E-10,1.1362934539845868E-9,0.8594204228328337,7.666392453714669E-4
318,0.08755415234040632,8.963918435464827E-12,8.067639478516834E-11,2.7357262959935036E-10,2.320112611237651E-10,1.034800909843475E-9,0.859377451923975,7.666392465077603E-4
319,0.08754977462462873,8.160573105798923E-12,7.344600275522011E-11,2.490464800772993E-10,2.1119085794630767E-10,9.423684217429708E-10,0.859334483153612,7.666392475425613E-4
320,0.08754539712846827,7.429223353223367E-12,6.686363433234923E-11,2.267195343124906E-10,1.9223980873464202E-10,8.581877842545505E-10,0.8592915165225375,7.666392484849297E-4
321,0.08754101985184842,6.7634167638249305E-12,6.087120620861566E-11,2.0639454195572838E-10,1.7499015929216606E-10,7.815228247216767E-10,0.8592485520314633,7.666392493431175E-4
322,0.08753664279469854,6.157279244980881E-12,5.5415841823735545E-11,1.8789195104437297E-10,1.5928905903763396E-10,7.117029903344709E-10,0.8592055896810279,7.666392501246403E-4
323,0.08753226595695335,5.605463184812383E-12,5.044940452702512E-11,1.7104831918514002E-10,1.4499740119274413E-10,6.481175053288658E-10,0.8591626294718032,7.666392508363433E-4
324,0.0875278893385524,5.103100259496486E-12,4.592807260799807E-11,1.557148674672491E-10,1.3198858558102475E-10,5.902100477161071E-10,0.8591196714043002,7.666392514844608E-4
325,0.08752351293943972,4.645758471608393E-12,4.18119524391086E-11,1.4175616427198024E-10,1.201473929612325E-10,5.374738994279128E-10,0.8590767154789748,7.666392520746709E-4
326,0.08751913675956334,4.2294030400622124E-12,3.806472631135446E-11,1.2904892730009228E-10,1.0936896082158165E-10,4.894475278466256E-10,0.8590337616962322,7.666392526121448E-4
327,0.08751476079887499,3.850360796258043E-12,3.4653331850381376E-11,1.1748093318977403E-10,9.955785147310738E-11,4.45710560413084E-10,0.858990810056432,7.666392531015924E-4
328,0.08751038505732975,3.5052877720275675E-12,3.154767018008725E-11,1.0695002505424639E-10,9.06272041096488E-11,4.0588011739942006E-10,0.8589478605598917,7.666392535473029E-4
329,0.08750600953488574,3.191139693173677E-12,2.8720340254989986E-11,9.73632091383741E-11,8.249796325585727E-11,3.696074710284992E-10,0.858904913206891,7.66639253953183E-4
330,0.08750163423150385,2.9051451180718648E-12,2.614639701405226E-11,8.863583258546345E-11,7.509817671015181E-11,3.365750019426823E-10,0.8588619679976749,7.666392543227904E-4
331,0.0874972591471475,2.644780984169566E-12,2.380313121930339E-11,8.069083502589772E-11,6.836235671288092E-11,3.064934265960958E-10,0.858819024932457,7.666392546593654E-4
332,0.08749288428178238,2.407750346490952E-12,2.166986903432986E-11,7.345806735483604E-11,6.223089863677046E-11,2.7909927148863125E-10,0.8587760840114221,7.666392549658588E-4
333,0.08748850963537633,2.191962111617512E-12,1.9727789572222402E-11,6.687367166272751E-11,5.6649552012179045E-11,2.5415257229652234E-10,0.8587331452347289,7.66639255244958E-4
334,0.08748413520789905,1.9955125882401167E-12,1.795975880141576E-11,6.087951682520314E-11,5.156893916842079E-11,2.3143477790185003E-10,0.8586902086025121,7.666392554991106E-4
335,0.08747976099932199,1.8166686914223893E-12,1.6350178342444857E-11,5.542268475284325E-11,4.694411719869224E-11,2.1074684109840136E-10,0.858647274114885,7.666392557305454E-4
336,0.08747538700961817,1.6538526523198739E-12,1.4884847820249654E-11,5.045500275078943E-11,4.273417934381667E-11,1.9190747936917227E-10,0.8586043417719408,7.666392559412923E-4
337,0.08747101323876207,1.5056280983940333E-12,1.3550839556456E-11,4.593261784718495E-11,3.8901892242599145E-11,1.7475159060534312E-10,0.8585614115737553,7.666392561331998E-4
338,0.08746663968672945,1.3706873812619973E-12,1.233638449510289E-11,4.181560932163252E-11,3.541336581725704E-11,1.5912880998042722E-10,0.8585184835203874,7.666392563079514E-4
339,0.08746226635349728,1.2478400403393892E-12,1.1230768354543014E-11,3.806763600357275E-11,3.223775285404894E-11,1.4490219541804958E-10,0.8584755576118814,7.666392564670802E-4
340,0.0874578932390436,1.1360023004617684E-12,1.0224237088592428E-11,3.465561521872625E-11,2.9346975604502324E-11,1.3194703020797825E-10,0.8584326338482681,7.666392566119824E-4
341,0.08745352034334745,1.0341875107990273E-12,9.307910822246496E-12,3.1549430542254506E-11,2.6715476973929987E-11,1.2014973234221482E-10,0.8583897122295656,7.666392567439295E-4
342,0.0874491476663888,9.414974406870939E-13,8.473705502140922E-12,2.872166577257608E-11,2.431999408340176E-11,1.0940686106990199E-10,0.8583467927557811,7.666392568640792E-4
343,0.08744477520814836,8.571143555660623E-13,7.714261570081192E-12,2.6147362772098026E-11,2.2139352190978424E-11,9.962421201451643E-11,0.8583038754269114,7.666392569734861E-4
344,0.08744040296860767,7.802938031001831E-13,7.02287902999437E-12,2.380380103255475E-11,2.0154277139616604E-11,9.071599296655854E-11,0.8582609602429443,7.666392570731103E-4
345,0.08743603094774888,7.103580458239459E-13,6.393458335122513E-12,2.1670297015069297E-11,1.8347224664350532E-11,8.260407316636743E-11,0.8582180472038585,7.666392571638262E-4
346,0.0874316591455548,6.466900823651126E-13,5.820446573676745E-12,1.9728021490175635E-11,1.670222504163428E-11,7.521729953083152E-11,0.8581751363096255,7.666392572464303E-4
347,0.08742728756200879,5.887282044904774E-13,5.298788477959915E-12,1.7959833262422687E-11,1.5204741700437233E-11,6.849087386014753E-11,0.8581322275602096,7.666392573216476E-4
348,0.08742291619709473,5.359610419492259E-13,4.823881824557463E-12,1.6350127809237643E-11,1.3841542539053865E-11,6.236578559143525E-11,0.8580893209555687,7.666392573901384E-4
349,0.08741854505079695,4.879230513938352E-13,4.3915368319674714E-12,1.4884699495746867E-11,1.2600582804732983E-11,5.678829514952635E-11,0.8580464164956547,7.666392574525043E-4
350,0.08741417412310022,4.4419040957751797E-13,3.997939197334665E-12,1.3550616147409921E-11,1.147089849616656E-11,5.170946338579241E-11,0.8580035141804147,7.666392575092926E-4
351,0.0874098034139897,4.043772745948998E-13,3.639616446081347E-12,1.233610487168333E-11,1.0442509342527353E-11,4.708472299727231E-11,0.8579606140097903,7.666392575610021E-4
352,0.08740543292345086,3.681323821804429E-13,3.3134072974750394E-12,1.123044811946643E-11,9.506330497947099E-12,4.287348818407175E-11,0.8579177159837192,7.666392576080868E-4
353,0.08740106265146956,3.3513594703576224E-13,3.0164337757964684E-12,1.0223889067675892E-11,8.65409216784639E-12,3.9038799136208497E-11,0.857874820102135,7.666392576509603E-4
354,0.08739669259803189,3.050968418485659E-13,2.7460758210077198E-12,9.307545486751885E-12,7.878266454057888E-12,3.5546998244646603E-11,0.8578319263649674,7.666392576899991E-4
355,0.08739232276312424,2.7775002911621634E-13,2.4999481748832724E-12,8.473331331949403E-12,7.172000769857214E-12,3.2367435207836004E-11,0.8577890347721431,7.66639257725546E-4
356,0.08738795314673323,2.528542231175415E-13,2.2758793386509683E-12,7.71388536557851E-12,6.529057234405196E-12,2.947219845704377E-11,0.8577461453235856,7.666392577579135E-4
357,0.0873835837488457,2.3018976140717043E-13,2.0718924164734495E-12,7.0225061795330495E-12,5.943757509233122E-12,2.6835870553317657E-11,0.8577032580192157,7.666392577873857E-4
358,0.0873792145694487,2.095566670553E-13,1.886187675744608E-12,6.39309304404023E-12,5.410932587744142E-12,2.443530541805054E-11,0.8576603728589516,7.666392578142215E-4
359,0.08737484560852944,1.9077288453870795E-13,1.7171266703272707E-12,5.820092060074897E-12,4.925877092691129E-12,2.2249425449631902E-11,0.8576174898427094,7.666392578386568E-4
360,0.08737047686607535,1.7367267372089058E-13,1.5632177866515044E-12,5.298447139769067E-12,4.484307676616823E-12,2.025903675223235E-11,0.857574608970403,7.666392578609063E-4
361,0.08736610834207394,1.581051477539323E-13,1.4231030851494221E-12,4.8235553818248256E-12,4.082325156663423E-12,1.8446660860877355E-11,0.8575317302419446,7.666392578811654E-4
362,0.08736174003651291,1.4393294200443172E-13,1.2955463209331168E-12,4.391226447785105E-12,3.71638004830104E-12,1.679638149099941E-11,0.8574888536572444,7.66639257899612E-4
363,0.08735737194938005,1.3103100226171563E-13,1.1794220380282911E-12,3.9976455803764546E-12,3.383241192683164E-12,1.529370497186607E-11,0.8574459792162111,7.666392579164083E-4
364,0.08735300408066331,1.1928548153887254E-13,1.0737056409492058E-12,3.639339937323703E-12,3.0799671997815943E-12,1.3925433142804396E-11,0.8574031069187522,7.666392579317021E-4
